id;nom;prenom;sexe;role;telephone
1;Interactions National open;strategic zero;Feminin;CASHIER;284.834.1018 x54191
2;ADP Handmade Human;Fresh Factors open-source;Masculin;CASHIER;300.906.6803
3;needs-based strategize;Rubber Fresh SMTP;Masculin;ADMIN;1-391-936-4811
4;CFA Turkish;Ball JSON portals;Masculin;SUPER_ADMIN;537-259-2281
5;Fresh Analyst Armenia;Fresh connecting protocol;Masculin;ADMIN;1-661-623-8479 x526
6;Indiana violet Plastic;Future-proofed Vermont e-tailers;Masculin;SUPER_ADMIN;639-669-9088 x0695
7;Cotton Planner;Grocery Hawaii;Feminin;SUPER_ADMIN;(795) 629-9537 x767
8;feed array Stravenue;Arizona IB;Masculin;CASHIER;(504) 267-5713 x7199
9;Loan input;fuchsia;Masculin;ADMIN;1-283-729-2514 x2533
10;navigating;Buckinghamshire Arizona;Feminin;CASHIER;1-521-241-2157
